{
  "openapi": "3.0.0",
  "info": {
    "title": "Phoenix Ignite API",
    "description": "API for Ignite",
    "version": "1.0.0"
  },
  "paths": {
    "/api2/data-session/new": {
      "post": {
        "summary": "Create a new data session1",
        "description": "Creates a new data session. If a data session with the specified ID already exists, returns a bad request status.",
        "requestBody": {
          "required": true,
          "content": {
            "application/json": {
              "schema": {
                "type": "object",
                "properties": {
                  "id": {
                    "type": "string",
                    "format": "uuid"
                  },
                  "user": {
                    "type": "string",
                    "format": "uuid"
                  },
                  "sessionName": {
                    "type": "string"
                  },
                  "creationDate": {
                    "type": "string",
                    "format": "date-time"
                  },
                  "data": {
                    "type": "object"

                  },
                  "status": {
                    "type": "string",
                    "enum": ["Initializing", "Completed", "Failed"]
                  }
                },
                "required": ["id", "userId", "sessionName", "creationDate"]
              }
            },
            "application/octet-stream": {
              "schema": {
                "type": "string",
                "format": "binary"
              }
            }
          }
        },
        "responses": {
          "200": {
            "description": "Successful response"
          }
        }
      }
    },
    "/api2/data-session/get/{id}": {
      "get": {
        "summary": "Get data session by ID",
        "parameters": [
          {
            "name": "id",
            "in": "path",
            "required": true,
            "schema": {
              "type": "string"
            }
          },
          {
            "name": "userId",
            "in": "query",
            "required": true,
            "schema": {
              "type": "string"
            }
          }
        ],
        "responses": {
          "200": {
            "description": "Successful operation"
          }
        }
      }
    },
    "/api2/data-session/update": {
      "put": {
        "summary": "Update data session",
        "responses": {
          "200": {
            "description": "Successful operation"
          }
        }
      }
    },
    "/api2/data-session/delete/{id}": {
      "delete": {
        "summary": "Delete data session by ID",
        "parameters": [
          {
            "name": "id",
            "in": "path",
            "required": true,
            "schema": {
              "type": "string"
            }
          },
          {
            "name": "userId",
            "in": "query",
            "required": true,
            "schema": {
              "type": "string"
            }
          }
        ],
        "security": [
          {
            "Token": "nelu"
          }
        ],
        "responses": {
          "200": {
            "description": "Successful operation"
          }
        }
      }
    },
    "/api2/data-session/dump/{id}": {
      "get": {
        "summary": "Dump session by ID",
        "parameters": [
          {
            "name": "id",
            "in": "path",
            "required": true,
            "schema": {
              "type": "string"
            }
          },
          {
            "name": "userId",
            "in": "query",
            "required": true,
            "schema": {
              "type": "string"
            }
          }
        ],
        "responses": {
          "200": {
            "description": "Successful operation"
          },
          "default":"string"
        }
      }
    }
  }
}